Time,Nome,Usuario,Tempo,Texto
Internacional,Edvaldo RReis,@edvaldorreis,5 s,"AGORA : lula e moraes ganhando projeção internacional, não do jeito que eles gostariam claro!"
Botafogo,#FORAPARDAVEL,@RafaelCoimbraDo,6 s,"Nem em Botafogo ta rendendo , imagina na seleção"
Santos,Careca,@zezin777777,6 s,Vcs vivem em que mundo? o Neymar não consegue jogar no Santos porra
Santos,junin ᶜʳᶠ,@juninwyz,7 s,"Sabe o pior da seleção perder, não é nem perder em si mas ver o pessoal pedindo o cara que não joga no SANTOS, inacreditavel, mais 2 meses dessa ladainha pqp"
Vasco,may jurídica do ville valo,@Diam0ndHeartt,10 s,consegui sentir mais dor assistindo brasil x frança do q meu time perdendo de virada contra o vasco
Palmeiras,duduxu,@duduxurl,10 s,Todo mundo sabe que só não tem verde por causa do Palmeiras
Botafogo,ryan roba cena,@ryann_preto,12 s,vai pro botafogo rapa
São Paulo,Epif'S 7,@EpifS_,12 s," EXCL | O São Paulo terá que REPETIR a votação do balanço de 2025, que reprovou as contas da gestão Casares.

Tafner, que gerencia o sistema online de votos, realizou a votação FECHADA, enquanto deveria ser ABERTA.

Nova votação vai das 19h de hoje às 22h de amanhã. 
@UOL"
Santos,Jefferson bandeira,@Jeffersonb84803,22 s,"Vinícius Jr: mas 1 jogo ruim na seleção brasileira ( tudo normal)
Douglas Santos: o pior em campo para mim tá fora da copa 
Luiz Henrique:o melhor em campo está na copa do mundo.
Bremmer: ótimo jogo. Briga até para ser titular na copa do mundo 
Ancelotti: merece ser criticado"
Palmeiras,gustavo,@quemdl,22 s,esse danilo do palmeiras nunca mais pode vestir a camisa do brasil
Santos,lucas,@lucashthiele,23 s,"sinceramente, se tu me falar que o neymar que vai vim pra seleção é o exato mesmo que o do santos, o vini vira banco na hora

muito mal hoje"
Santos,Felipe TETR4 DA LIBERTADORES 811922,@Felipe265463,24 s,Até o Ayrton Lucas é melhor que Douglas Santos
Santos,Jônatas de Carvalho,@JoDCarvalho,24 s,Passo raiva com o Santos e agora com l Brasil
Grêmio,Jv,@jotave_07,24 s,"Vini Júnior na seleção é o Jp Galvão no Grêmio, pqp"
Vasco,Baeta,@daniel_baeta,24 s,"Brenner reserva no Vasco titular na seleção brasileira, como que explica?"
Santos,.,@_pcvc,25 s,"Tá ""mal"" salvando o santos, pq sozinho msm faz nada"
Grêmio,gw,@miranhaslo,31 s,Vinicius Jr. com a 10 da seleção é o mesmo que o Pavon com a 7 do Grêmio
Santos,montanhista,@homempalmeiras,31 s,"Vini jr joao pedro e douglas santos
Forca!"
Santos,FlaTóxico,@FlaToxicoRN,31 s,"Endrick precisa ser testado como 9 
Douglas Santos sem condições! 
Precisamos de uma meia..
Matheus cunha não sabe oq é em campo.

Luiz Henrique titular 
Raphinha ou Estevão no meio!

Vini precisa entregar mais.
Não é o mesmo jogador na seleção.."
Vasco,FLU-VERDADE,@VerdadeFlu,32 s,"Quem falou em Vasco?

Pelo jeito, vc acompanha bastante pro aqui, né? Tá muito interessado..."
Vasco,7th year: erico,@bgyuceta,32 s,o vasco ja ganhou da seleçao de virada
Flamengo,Karina,@_kaacosta,33 s,Torcida do Flamengo em peso
Santos,zuzuya bolas de aço ॐ,@zuyamaldito,33 s,Pprt pq todo mundo relacionado ao pagão santos é tão retardado
Flamengo,Baraldi,@Baraldi_58th,35 s,"Na copa o Vini vai ser isso ai e vai ser 9.fim da carreira dele, vai passar um vexame, vai manchar a camisa 10 da seleção (coisa q ele já faz) e vai pra arábia se esconder, aí no fim da carreira quando não aguentar mais correr, volta pro flamengo"
Corinthians,henriquefvv,@henriquefvvusa,35 s,"Corinthians precisando de um ponta, quem vc preferem: Vinícius júnior com a camisa da seleção ou Gustavo mosquito em luta contra o rebaixamento?"
Vasco,soter ✠,@sotesao44,36 s,eu sou assim com o vasco morro de medo de nunca mais ganha nada do quero eh que o brasil se FODA
Vasco,Cadu,@caduorleans,36 s,"O rico com 3 bilhões de dividas que atrasa salário kkkk
Agora me mostra onde o Vasck fez 300 milhões  em 2025
Ja que nem o Vasco divulgou o balanço kkkk"
Flamengo,Fabiano Artiles,@ArtilesFabiano,37 s,"Luiz Henrique não é titular desse arremedo de time.

Kkkkkkkkkkkkk Kkkkkkkkkkkkk Kkkkkkkkkkkkk Kkkkkkkkkkkkk Kkkkkkkkkkkkk Kkkkkkkkkkkkk 

Motivo: não jogou no Flamengo.

Bizarro o que virou a seleção brasileira."
Internacional,animecangacofm,@animecangacofm,37 s," PERDIDA NO SMARTPHONE! 'LABYRINTH', O NOVO FILME DE SHOJI KAWAMORI, GANHA TRAILER INTERNACIONAL E VISUAL DE LUXO! 
animecangacofm.blogspot.com/2026/03/perdid
…

#LabyrinthAnime #ShojiKawamori #MeikyuNoShiori #AtarashiiGakko #StudioSanzigen #Anime2026 #MacrossCreator #AnimeCangacoFM"
Cruzeiro,Arthuzin,@arthurgpinto,38 s,"O Vini Jr. da seleção seria reserva do Wanderson no Cruzeiro, bizarro"
Vasco,teshugo,@oteshugobr,43 s,“Vcs” o cara torce pro Vasco kkkkkkkk
Flamengo,Leafar,@Leafar2077,43 s,"A regra é simples, é cria ou joga no flamengo? Não vai pra seleção. As piores atuações que já vi foram dessas peças"
Vasco,Felipe,@Feijon3s,43 s,O Vasco jogaria melhor contra a França do que esse catado da seleção
Botafogo,Dr. Flacker,@DrFlacker,44 s,"O nível da bizarrice:

O meio campo com um jogador do Botafogo e um jogador de um time aleatório da Turquia.

Como que pode uma coisa dessas?!"
Santos,eliefi,@hrhujsywb,45 s,Vendo o Vinícius junior jogar é melhor convocar aquela baleia que joga no santos
Santos,Henrique Cunha,@hcunha09,45 s,"Problema do Brasil é estrutural na montagem do time. Tirou Andrey Santos e Casemiro e o time mudou completamente na entrada de dois jogadores mais físicos e na minha opinião melhores. O que fica a desejar é o ataque, o ataque do Brasil é horrível e Vinicius Jr. uma ameba"
Santos,𝐬𝐮𝐧⁴⁴ || vai ver o zayn,@sooyabdz,45 s,não resolve os problemas do santos quem dirá da seleção
Santos,leo grabovski,@leograbovski,46 s,vinicius jr não seria titular no santos futebol clube
Botafogo,mistério do planeta,@hegz21_,47 s,Parece que ele é Botafogo fanático
Flamengo,Matheus Enderson,@MEnderson27,47 s,Joga no Flamengo. Mal vão dar repercussão pra falha dele.
São Paulo,Brasil no Centro,@BRnoCentro,48 s,"Eduardo Leite entrou de vez no jogo presidencial.

O governador do Rio Grande do Sul foi a São Paulo para se reunir com Gilberto Kassab e tentar viabilizar sua candidatura pelo PSD em 2026. O movimento acontece após a desistência de Ratinho Júnior e abre uma disputa interna"
Santos,dezirrefc,@dezidezi_,49 s,Neymar da Silva Santos Junior. E nao irei elaborar muito.
Grêmio,Renan,@Renankite,55 s,Brasil não tem laterais KKK parece o Grêmio
Flamengo,mateus,@OakMateus,56 s,Caralho que saudade do meu Flamengo
Flamengo,yazzᶜʳᶠ,@yazzksj,57 s,ainda bem que minha seleção é o clube de regatas do flamengo #BRAxFRA
Santos,mariana,@marigotcinema,58 s,a pior parte da culeção perder é saber que em algum puteiro de santos o pé de cana da baixada tá feliz 
Santos,Ricardo S. S.,@RicardoScarpine,58 s,"Entre Vini Jr da seleção e o Neymar de hj do Santos, eu prefiro o Neymar de hj sem uma perna"
Vasco,mark pendragon,@PendragonMark,58 s,"VSFD!!!

A maior seleção da história se APEQUENOU!!!

Se tornou o VASCO DA GAMA DAS SELEÇÕES!"
Vasco,Kuroda,@lumosznox,1 min,"SO TEM BAGRE NO BRASIL MEU DEUS

EU QUERO VER O ANDRÉS GOMES, QUERO VER CUIABANO QUERO VER O VASCO JOGAR 
NÃO ESSE FUTEBOL PÍFIO"
Flamengo,mary.,@maary202316,1 min,Podia ser um jogo do flamengo
Internacional,Luís Galrão,@LGalrao,1 min,"Pelos vistos a redação do 
@Now_Canal_
 também ainda não sabe verificar vídeos plagiados das redes... O embuste do analista internacional é de ontem, enquanto este da pseudo #informaçãoexata é de hoje... #pósverdade #desinformação"
Santos,cahê,@matheuscahe,1 min,melhores em campo: luiz henrique e danilo santos
Santos,_guguets,@_guguets,1 min,O futebol do Vini na seleção me lembra o Lucas Braga na época do Santos
São Paulo,LEO GATTONI,@LEOGATTONI,1 min,Fico impressionado como em São Paulo é possível retirar ingressos gratuitos pelo app Sympla. Já em Belo Horizonte é praticamente impossível! Mas quando você chega no local tem os cambistas vendendo os ingressos retirados gratuitamente. É preciso acabar com isso!
Santos,caue,@quiuezin,1 min,"esse vini jr me deu raiva q nem o guilherme amado dava no santos.
cara desastroso puta q pariu"
Santos,patrick,@pk_nandes,1 min,"leo pereira, douglas santos e vinicius júnior, 3 jogadores que não merecem a convocação"
Santos,R9,@AlanTuffi,1 min,Cuiabano é melhor que esse Douglas Santos
Fluminense,Erica Manu ✠,@EricaEmanuelly,1 min,Fluminense foi um dos times que menos levou gol no brasileiro quando ele tava lá fora q ele tbm ja tem experiência em copa eu realmente não entendo isso
Flamengo,manaus vai ficar biruta lalala,@joaomoreiramnz,1 min,Luís Henrique no Flamengo é questão de urgência
Vasco,yan ✠,@yandovasco,1 min,vini na selecao eh a msm coisa que o loide foi pro vasco
Flamengo,fataxzin,@fataxgoat,1 min,"ainda bem q eu sou flamengo, depender do brasil p ser feliz ta difícil"
Santos,Flaniverso | Espaço Rubro Negro,@FlaniversoERN,1 min,Só sei que Andrey Santos e Casemiro não dá mais
Santos,Diegoo,@Diiegorai,1 min,VINIJR NA SELEÇÃO É O GUILHERME NO SANTOS
São Paulo,JP.,@joaogs01,1 min,as atuações do vinicius junior na seleção brasileira são piores que as do ferreirinha no são paulo. que horror.
Fluminense,Sobrinho do Zubeldia,@ffcpioneiro1902,1 min,Nem o Soteldo pelo Fluminense fez um jogo tão inútil quanto o Vini jr hoje pela seleção
Santos,Fla Buteco,@FlaButeco_,1 min,"Wesley, Bremer e Léo Pereira, COPA DO MUNDO NELES!!

E o Alex Sandro pode ficar tranquilo pq ele é MIL VEZES melhor que o Douglas Santos"
Flamengo,Anderson,@ajas10,1 min,"Jogador formado no Flamengo e seleção eh isso aí desde sempre !!!

Jogam nada, isso quando não entregam !!"
Flamengo,Moises Viana,@moisespsviana,1 min,Flamengo se tiver condições...
Internacional,Marcus Vinícius Garcia,@marcusfgarcia,1 min,"Dito isso, ele é melhor que todos os volantes do Internacional."
Flamengo,ernesto,@PedroErnesto06,1 min,Quando o Flamengo comprar esse cara aqui fudeu
Flamengo,tutu,@two_a04,1 min,esse aqui passa até mal se não falar de Flamengo
Cruzeiro,Political Refugee,@p_refugee,1 min,Atletico e Cruzeiro
Flamengo,@Miihgsantos,·,,"BH, PEDRO, PULGAR, CARRASCAL, JORGINHO. Ou melhor toda a seleção do Flamengo"
Santos,Funcionária da Lua,@MaxDenki,1 min,"Mas ele tá afundou o santos últimos 3 jogos, a copa do mundo não é contra o juventude rebaixado"
Fluminense,FLU-VERDADE,@VerdadeFlu,1 min,"Que clube que não queria deixar o Vasco jogar? 

O Fluminense até emprestar estádio pra essa merda o fez.

Ahh sim... TODOS os clubes de uma liga que exigiram o cumprimento de um regulamento que impedia que jogadores fossem pagos? Ahh tá..."
Flamengo,g,@ggiagiox,1 min,"é isso, arabia ou palmeiras e flamengo kkkkkkkk melhor PL mesmo"
Internacional,Gabriel Abi Ramia → tubespark.ai,@gabrielabiramia,1 min,"Rubio mandou a real: o Estreito de Ormuz, por onde passa 20% do petróleo mundial, só é instável porque o Irã ameaça fechar a rota pra pressionar o Ocidente. A hipocrisia é gritante — os mesmos países que gritam ""direito internacional"" ficam em silêncio quando Teerã ameaça"
Corinthians,maria o ornitorrinco,@mariarolagrossa,1 min,o corinthians joga mais bonito
Santos,@predestined___7,·,,o atleta douglas santos irrita
Flamengo,L.Andrade'99,@andradeleonard8,1 min,Flamengo precisa contratar esse Luiz Henrique
Flamengo,Paulo,@PauloRe48811361,1 min,"Matheus Cunha, esses laterais. Esse zagueiro Flamengo ruim demais mesmo

Eu chamaria Endrik também. Vini Júnior, só passa o pé em cima da bola. Enfeita demais

Neymar acho que vai. Seleção não tem Meia

Estevão faz, muita falta também

Concordo, com esses que você citou pra ir!"
Flamengo,haly,@halymarinho,1 min,incrível que nada vindo do flamengo dá certo na seleção
Palmeiras,Brunorescio,@brunorescioo,1 min,Dez da seleção sendo o Vini Jr = Dez do Palmeiras sendo o Rony
Flamengo,Duda TETRA E ENEAᶜʳᶠ,@dudafrancacrf,1 min,Ainda bem que a minha seleção é o Flamengo
Santos,samuel ramos CRF,@samuelramo86,1 min,Por isso tá no Santos 
Santos,Ramon Taffarel,@ramon_taffarel,1 min,Tiraria Rivaldo e colocaria Nilton Santos
Santos,Robin.souzza05,@Robinhosouzza5,1 min,Se esse Cunha for convocado mais Léo Pereira e Douglas Santos é pra acabar
Palmeiras,K1nhooW,@K1nhooWR6,1 min,"CHEGA OLHA O GOL QUE ESSE MERDA PERDEU KKKKKKKKKKKKK ELE FUROU A BOLA SOZINHA, O 10 DA MAIOR SELEÇÃO DO MUNDO, ME SINTO VENDO O RONY NO PALMEIRAS NOVAMENTE QUE BIZARRO"
Corinthians,Gazeta Esportiva,@gazetaesportiva,1 min,"Lingard aparece no BID e fica livre para estrear pelo Corinthians 
bit.ly/3NJECkA

#GazetaEsportiva"
Flamengo,Iago,@Iago22221,1 min,"ELE NÃO É BAGRE NA SELEÇÃO NÃO PRR, É SÓ PQ ELE ELE É DO FLAMENGO, VAI TOMAR NO CU VINÍCIUS JÚNIOR"
Flamengo,clara.,@gwbgol,1 min,aparentemente vamos ver o flamengo ser hexa antes do brasil
Internacional,BC Ofertas,@bcofertas,1 min,"BR Ofertas todos os dias 

 Abaixo da média: -R$ 241,10
 Melhor janela de preço agora

 Vale correr!

Pegue já: 
amazon.com.br/dp/B0DJPTBCD6?
…

Por R$ 1.934,34
em até 10x sem juros

ASRock Placa Mãe Micro ATX Z890M Riptide WiFi 6E LGA1851 DDR5 256GB M.2 9066MHz | Internacional"
Santos,LIL NOTTI,@NOTTI_MC,1 min,Douglas Santos nao é jogador de seleção… maluco todo duro
Botafogo,Gildson,@gildson_gr,1 min,"Em um jogo contra a França, os principais atacantes de Barcelona e Real Madrid não jogaram nada e um ex Botafogo e atual Zenit foi o melhor da partida. Parece até brincadeira, mas não é."
Botafogo,Carlos Henrique Neves Souza,@DonateloCV,1 min,"Claro que vem, ele veio pro Botafogo."
Flamengo,Gabriel Fernandes,@TibiaEternal,1 min,O Flamengo destruiu a seleção brasileira...
Corinthians,PAULO CESAR,@PauloCe95579594,1 min,"Mas a partida do Neymar contra o Corinthians,e do Vinícius hoje ,foi pau a pau"
São Paulo,Maicon Silvaa,@MaiconSilvaa3,1 min,"Casares será expulso,massis perde a presidência, depende dos envolvidos tbm vão cair 
Isso ajuda o MP e polícia civil a investigar os corruptos dentro do são Paulo"
Vasco,Shuya ⓟ,@br_shuya,1 min,O tipo de situação que só acontece com o Vasco
Santos,**,@emboarverde,1 min,"Vini Junior, Douglas Santos e Leo Pereira foram tranquilamente os piores jogadores dd hoje, partida ridícula dos 3"
Santos,Jacinta Veloso,@jacinta_veloso,1 min,"Não tem como o Vini Jr ir bem na seleção... não temos um lateral Douglas Santos não apoia e breca a transição. 
#BraxFra"
Flamengo,Carvalho,@xispew,2 min,"Eu to falando desde a partida contra o Japão: colocar flamengo e ex flamengo na seleção hoje, é papo da inglaterra ser hexa antes da gnt"
Santos,Brasil Alternativo,@bralternativo_,2 min, AGORA: Renan Santos (líder do MBL) e Gabriel Costenaro (ex-MBL) trocam OFENSAS no Rio de Janeiro.
Flamengo,Carlos Freitas,@CarlinhosDeBoa,2 min,"É interessante o quanto o Flamengo é lotado de Rivais kkkkkkkkkk
Os caras estão criando uma narrativa que Léo Pereira deu os gols kkkkkkkkk"
Santos,Davi Vieira,@Daviv002,2 min,Esse lado esquerdo do Brasil é provavelmente o pior da história: Douglas Santos e Vini JR. Cemitério de jogadas.
Flamengo,membro da Flaleque,@jostapeu,2 min,"presta nao

tem q voltar pro flamengo logo q eh lugar de jogador ruim

volta."
Cruzeiro,pribas,@paularibasbh,2 min,Cruzeiro não vai pedir o retorno do Kauã Prates da seleção sub 20 não?
Vasco,E vagabundo tá lá,@mthleite,2 min,"Vai neymarzetes, falem que o jogador que não fez diferença nenhuma contra NOVORIZONTINO e tomou 6x0 do Vasco tinha que ser convocado kkk falem, quero ver"
Fluminense,Rinaldi,@Arthur_Rinaldi_,2 min,Ai tu tem que chamar o fluminense e o renato
Santos,Yannick,@IgorYannick,2 min,O zagueiro Bremer tentou mais passes verticais que o Andrey Santos no jogo
Corinthians,Bibos,@JosCaldas44,2 min,"E tu não entendeu a piada, mas vamo lá. Nem com o novohorinzotino ele fez algo, nem com Corinthians, nem com São Paulo, nem com Palmeiras, nem com Mirassol, nem com Cruzeiro"
Flamengo,Reinan,@reinankings,2 min,"Olha o gol que o vinicu perdeu, pqp! E a torcida do Flamengo disse que o Léo Pereira tem que ser convocado e o Bremer não kkkkkkk"
Botafogo,daniel,@dansalim97,2 min,"Danilo, LH, IJ… a seleção IMPLORA por Botafogo"
Flamengo,Igor,@Igorrsawss,2 min,"Vini é uma merda colossal, desculpa ai.

Posso ser torcedor do Flamengo, mas isso ai n existe n"
Vasco,Asa de Urubu,@asadeuruburei,2 min,O Vasco não sai da lama por isso. Vcs sequer ouvem as críticas. Estão tão desesperados que qualquer merda vira boia de salvação. Nem questionam. Por isso o Vasco vai continuar à deriva.
Botafogo,@su_moraess,·,,"Danilo mostrando que é jogador do Botafogo mesmo, todo ruim mkkkkk"
Botafogo,Paulo Cesar,@paulocesartn,2 min,"Quando tem o Palmeiras envolvido, é sempre uma mobilização. Não vi falarem do sintético do Botafogo, do Atlético Paranaense."
Santos,Joel Silva,@JoelSilva257478,2 min,Felipe Santos kkkk nunca será mulher.
Fluminense,Gabi,@mengotux,2 min,"Foda é que o fluminense em si tem um medo absurdo da esquerda no poder, sendo que todos os governadores presos são de direita"
Palmeiras,Lucas #ForaAbel,@lucasdanilort,2 min,"Não existe um mundo onde Danilo (ex-palmeiras) e Luiz Henrique não sejam titulares nessa seleção. 
Não existe esse mundo."
Santos,Caio,@caiomacel,2 min,"Vini driblando em velocidade, ele joga muito, porém se ele encontra uma  defesa veloz e que marca bem, ele sente dificuldade. 
Giovani, craque do Santos e do Barça, já tinha falado isso."
Vasco,ESPN Brasil,@ESPNBrasil,2 min,"Polícia Civil recupera carga roubada de materiais esportivos do Vasco que estava avaliada em R$ 950 mil

#FutebolNaESPN"
Flamengo,PrettyFlacko,@Gustavoalc_,2 min,"Não pode levar jogador ou ex do Flamengo, tinha que ser proibido"
Vasco,FUT INSIDER,@futeinsider,2 min,"Polícia Civil do Rio recupera camisas do Vasco que haviam sido roubadas.

Criminosos haviam roubado um caminhão com material esportivo que estava a caminho do CT do clube.

O prejuízo poderia chegar a R$ 900 mil."
Internacional,Helder Floret ✠,@hfloret,2 min,"O craque internacional que faz falta na seleção brasileira não é o Neymar

É o Vinicius Junior do Real Madrid"
Santos,Augusto Nunes,@augusto_nuness,2 min,"Kaiki é muito mais lateral que o Douglas Santos, com todo o respeito"
Santos,Mob,@Gab0633,2 min,vinicius odeia o douglas santos com todas as forças meu deus
Cruzeiro,juh,@vyollet666,2 min,"Dida era imoral viu, tive a honra de vê-lo jogar pelo Cruzeiro"
Botafogo,Charles River,@CecGustavin,2 min,BOTAFOGO PRA MIM É BAIRRO
Fluminense,Verônica Lima,@veronicalima_ve,2 min,"Nossa mobilização na Alerj, junto com outros parlamentares de oposição, deu resultados: o TJRJ anulou a eleição ilegítima e golpista para a Presidência do parlamento estadual. Essa vitória é do povo fluminense e da nossa democracia!"
Santos,Remo mas não aquele tipo de Remo,@lento_remer,2 min,"Ta na hora de valorizar mais os jogadores que jogam aqui, DANILO JOGOU ANOS LUZ MAIS QUE O ANDREY SANTOS"
Santos,wid,@widbishop,2 min,Douglas Santos pode jogar na seleção eu tbm posso
Flamengo,Freddy-Flamengo,@Fred107761,2 min,"Todos contra o Flamengo até na seleção, é muito gostoso."
Santos,Shorts do Timão,@shortsdotimao,2 min,''Douglas Santos recebe a bola''
Flamengo,Diniz,@DinizOfficiall,2 min,"Vocês (sagordo e samagro), 
@alexcrfla
 , euclides e cia tem de fazer campanha pra LH no FLamengo, é o jogador certo pra esse time"
Cruzeiro,Saboy,@Sadioo_Mane,2 min,Pq ele não fez isso contra o Cruzeiro em crise?
Vasco,@immlxw,·,,só com o vasco msm mds
Santos,Daniel Land,@Daniel_lff,2 min,"Não faz diferença nem no Santos, vai fazer na seleção sim, vai vendo"
Vasco,Sandro Lobato,@lobato76310,2 min,"Kkkkkkkk pqp! Junta Leila, Palmeiras, Vasco, Pedrinho, vc...entra tudo um no cool do outro, vira um megazorde e entra para se fouder! Dois rebaixados!"
Santos,you,@you4609,2 min,Tá mais pro santos kakakakaka
Cruzeiro,Kelwen Cristyan,@cristyan_kelwen,3 min,Alguns dos sertanejos que torcem para o Cruzeiro
Santos,nati,@renatavalentee,3 min,vinicius jr na seleção parece o jr santos piorado
São Paulo,Bru,@bruunogouvea,3 min,Não acredito que vai ter uma festa da Lady Gaga no Rio de Janeiro enquanto eu vou estar em São Paulo 
Internacional,ᓚᘏᗢ𝐋𝐮𝐦𝐞𝐲,@lumeymatoi,3 min,Tirando o Silvinho não tem nenhum técnico brasileiro bom a nivel  internacional
Flamengo,Índio,@IndioGoytacaz,3 min,"Bruno, o Flamengo é sócio do BRB, não tem nenhuma relação promíscua ou ilegal. Ademais o banco é pessoa jurídica, ele não tem responsabilidade pessoal. A relação do Flamengo com o BRB é completamente lícita!!!"
Vasco,zicoʳᶦⁿᵗʰᶦᵃⁿˢ,@nayeonlindinha,3 min,vasco e novorizontino dá mais trabalho que girona e granada.
Palmeiras,Palmeiras Arquivo ⓟ 𓃟,@palmeirasarquiv,3 min," 26/03/1995
 Palmeiras 3x0 Juventus 
 Campeonato Paulista
 Pacaembu
 Válber (3x)

#AvantiPalestra #Palmeiras"
Santos,𝑮𝒖𝒔𝒕𝒂𝒗𝒐𝑾𝒂𝒔𝑻𝒂𝒌𝒆𝒏,@GustavoWasTake,3 min,"Reservas:

Ederson
Bento
Vanderson
Bremer
Gabriel Magalhães
Alex Sandro
Douglas Luiz
Andrey Santos
Raphael Veiga
Gabriel Sara
Endrick
Gabriel Martinelli
Rayan
João Pedro
Luiz Henrique"
Vasco,Vitor ✠,@Vitorromeu24,3 min,Se fosse o Vasco de Renato Gaúcho com certeza teriam virado em cima da França
Flamengo,Meursault,@EngHaw97,3 min,"É papo de banco no próximo jogo. Tá lembrando o início do Léo Pereira no Flamengo, não tinha condições de estar em campo, não acerta nada"
Cruzeiro,Henrique,@Henrique_HnR_,3 min,"É oficial. Vinícius Junior está pra seleção assim como Wanderson está pro Cruzeiro. E estou sendo generoso com o titular do Real Madrid

Que jogador tenebroso"
Flamengo,D.,@demownia,3 min,infelizmente o luiz henrique odeia o flamengo mais q qualquer coisa no mundo
Vasco,jesqui,@itsjescao,3 min,o vasco de renato gaúcho dá nesse time viu
Flamengo,jurídico do leonardo jardim ᶜʳᶠ,@ilebeatrizcrf95,3 min,"pode acabar data fifa, SÓ O ESTRESSE COM O FLAMENGO É O SUFICIENTE"
Botafogo,Igor,@Pai85535364Igor,3 min,Textor fudeu tanto com as finanças do Botafogo que veremos LH indo para os desgraçados. Pqp!!!
Flamengo,jvzin008,@Jottave0444,3 min,"A vontade é tanta de falar e citar jogadores do Flamengo pra engajar que nem percebeu que o Paquetá não está...

Fala do bagre do João Pedro, mas ele é cria do fluminense né? Ai não pode"
Corinthians,Andrus Zanforlim,@AndrusZanforlim,3 min,Se ele jogasse no Corinthians já teria sido massacrado faz tempo.
Santos,João Pedro,@pedronCZ,3 min,"Dupla de zaga: achei muito inseguros, sem entrosamento e pouca criatividade pra saída de bola, 1 gol pelo lado de cada um que não chegou a tempo.
Douglas Santos: diferente dos últimos jogo hoje foi mal, posição complicada para a copa"
Santos,Helio Boy Junior,@BoyJunior10123,3 min,E Douglas Santos na lateral esquerda? Dá dó.
Santos,✠ﮩ٨ــ,@Gbfxp12,3 min,Mais útil que o Douglas Santos
Flamengo,mt,@mt_pinheiro87,3 min,"Eu quero o Luiz Henrique no Flamengo no meio do ano, BAP e José boto faça o pix pros russos"
Santos,igo99,@mn_assol4n,3 min,"Neymar não ajuda o santos contra o lanterna, magine  contra a França"
Internacional,JoaoSantos,@joaosantosecp,3 min,"@CBF_Futebol
 parece o meu 
@SCInternacional
 com um a jogador a mais e não consegue empatar"
Santos,BORBA,@felipeoborba,3 min,galera nossos laterais sao wesley cabeça de nós todos e douglas santos….
Flamengo,Fred Chevitarese,@fchevitarese,3 min,kkkk vai se foder Flamengo
Botafogo,Dj Tau Brasil,@_T_A_U_,3 min,"Miserável do Textor ladrao magnata, vendeu os caras 
Luiz Henrrique e Almada na boca do mundial de clube .

Brasil seleção botafogo"
São Paulo,Acervo Brasil,@lunobrj,3 min,"Paróquia Matriz São Sebastião, São Carlos - São Paulo"
Corinthians,Museu de memes do Corinthians,@museu_sccp,3 min,Essa elenco atual da seleção não arrumaria nada jogando contra o Corinthians na arena lotada
São Paulo,paiN Drunzin | Legends Z-A,@drunyx__,3 min,"E o La Cruz estava em São Paulo semana passada no mesmo estúdio que a Pabllo, viu?"
Palmeiras,Big Phil,@felipaoger1985,3 min,A seleção Brasileira me lembra muito o Palmeiras no seguinte aspecto: a absoluta falta de jogadas pelo meio campo.
Santos,aninha knowles,@analurrx,3 min,Kaiki Bruno fez o que pra ficar no banco pra Douglas Santos pqp
Santos,Pablo Roberto⊬,@pablroberto,3 min,N existe o Matheus Bidu ser pior q esse Douglas Santos.
Botafogo,Esportices Blogcast,@esportices,3 min,"Se Vinicius Jr fosse jogador do, sei lá, Botafogo, por esse jogo de hoje não ia pra Copa de jeito nenhum."
Santos,Church News em Português,@churchnewspt,3 min,": 
bit.ly/3NweKIV

Élder Neil L. Andersen, do Quórum dos Doze Apóstolos, ministrou recentemente na Área Pacífico de A Igreja de Jesus Cristo dos Santos dos Últimos Dias, visitando Papua-Nova Guiné, Austrália, Nova Zelândia, Tonga e Fiji ao longo de 12 dias."
Flamengo,jãoz ᶜʳᶠ,@zjaojaoz,3 min,nos tiraram 2 semanas do flamengo de leo jardim pra ver essa merda ai
Santos,Junior Nobrega,@juniorFilho23,3 min,Neymar não joga nem no santos ex jogador vamos ser realista esse ano vamos ser eliminado na oitavas
Botafogo,Edinho do Sport,@edinhodosport,3 min,"Danilo do Botafogo entrou bem também, né?"
Santos,letícia,@yunjincarioka,3 min,tirem o douglas santos dai #BRAxFRA
Corinthians,KauaDuGrau,@KauaDuGrau018,3 min,Parece que eu tô vendo o Corinthians jogando
Corinthians,erri três sete,@LeonardoR37,3 min,"Não fez nem contra o Corinthians, imagina contra a França"
Santos,Gabriel Ribeiro✠,@GabRibeiro98,3 min,O tal do Douglas Santos entregou hoje uma atuação nível Christiano.
Santos,Gabriel,@saintliberte,3 min,cara o Renan Santos tem quanto de altura? o cara parece menor que o Kogos kkkkkk
Flamengo,isaque alvinegro,@isaquealvinegro,3 min,"Kkkkkk não pensa em Botafogo sem pensar em Flamengo junto, retrato dessa torcida mais velha"
Cruzeiro,laranjo ᶜᵉᶜ,@_laranjeirass,3 min,CRUZEIRO ESPORTE CLUBE!!!!!!
Grêmio,Matheus,@MathaFilho,3 min,"Parabéns pelo post meu parceiro,assim que faz um post bem explicado. Não que nem certos jornalistas que vem aqui no diz é simplesmente dizem que o Grêmio deve quase 1 Bilhão. Notícia vazia sem prazos e sem valores separados."
Santos,Guilherme,@gmartinns_,3 min,"Enquanto acharem que Matheus Cunha, Gabriel Martinelli, Ibañez (?????), Douglas Santos, Lucas Paquetá, Vinicius Jr. são jogadores pra seleção brasileira…

Vai ser sempre essa merda aí kkkkk"
Santos,MOISES,@Moiises7_,3 min,N importa o que é o Neymar no santos. Importante é o que ele sempre jogou na seleção
Grêmio,𝖽𝗎𝖽𝖺 𖦹๋࣭⭑,@guiltyasduds,3 min,"nao to nem assistindo essa bomba porque eu so me estresso com essa seleção brasileira, prefiro o meu grêmio"
Flamengo,PEIDAMOSNOCARIOCA,@Daves532545,3 min,"O Flamengo ta fazendo certo ,ser for algum negócio tem que ser assim ou e sim ou não eles que vinheram atras e nessas condições"
Vasco,emerson,@_emersxn_,3 min,vini jr tá pra seleção tal qual loide augusto para o vasco
Santos,Jefferson bandeira,@Jeffersonb84803,3 min,"Vinícius Jr: mas 1 jogo ruim na seleção brasileira ( como de costume) 
Douglas Santos: o pior em campo para mim tá fora da copa 
Luiz Henrique: o melhor em campo está na copa do mundo."
Fluminense,Paulo Brito,@PauloFBS,3 min,"Douglas Santos. 

Não seria titular nos cinco principais clubes do Brasil. E isso inclui o Fluminense."
Grêmio,Anao Hormonado,@AnaoHormonado_,3 min,Pelo visto Ancelotti não está vendo o Amuzu no Grêmio
Santos,#Pelé o maior de todos,@fcharmiaski,3 min,"Problema da selecao é a mesma do santos, vc acha que o banco é solucao, aí quando o banco começa jogando é uma tirica kkkkk"
Santos,ゆうた,@soninhalanches,3 min,Esse Douglas Santos eh fraquíssimo que ele e Léo Pereira nunca mais vistam a camisa da seleção
Grêmio,Olga,@ElisaScott48199,3 min,Quem sabe sugere outra cor que não seja do grêmio então? 
Santos,AstroRc22,@AstroRc22,3 min,"Pontos à serem considerados pro Brasil :
-Luiz Henrique insano
-Léo Pereira (incógnita) 
-Vini jr (incógnita dentro de campo mas necessário)
-Douglas Santos horroroso fora urgente
-andrey Santos overrated
-Endrick > João Pedro 
-bremer garantiu a vaga dele"
Flamengo,Adriano,@sradrianoz,3 min,"Não comprem gente, elas são amigas da chapel aquela mulher que matou uma criança filha do Flamengo"
Flamengo,lari,@laaricrf_,3 min,"Luiz Henrique depois da copa vai valorizar ainda mais o passe dele kkk nem fodendo que palmeiras e flamengo vao conseguir competir por ele, certeza que vai pra um gigante europeu."
Santos,Letras Minúsculas DJ,@Jota1D,4 min,"Douglas Santos é muito fraco, não tem nível de seleção."
Santos,Gustavo◤✠◢,@Gustavoschoen,4 min,"O cara não.consegue jogador no Santos.  Olha o ritmo do jogo, surreal!"
Internacional,Faculdade de Direito da USP,@de_usp,4 min,"Ampliando a representatividade da FDUSP no cenário internacional, o professor Otavio Pinto e Silva, Departamento de Direito do Trabalho, está no XX Encontro JUTRA ""O Trabalho e o seu Direito: Modernização ou Mutação?"", que ocorre até sábado (28/03), na cidade de Faro, Portugal."
Santos,Central do Maguire | Fan Account,@CentralMaguire,4 min,"O Douglas Santos é tão nota 6 que chega a irritar, ele não é ruim, mas está longe de ser bom, não tem cruzamento ou presença na área, não é um absurdo defensor, simplesmente mediano dms, assustador ter um cara desse como titular da seleção"
Vasco,Pires,@crvg_pires,4 min,Pararam meu Vasco para isso ?
Santos,@quendaprop,·,,Este Brasil sem o craque Alisson Santos nunca será nada
Santos,Alexsander Silva,@Alexsandercrvg,4 min,O Douglas Santos todo quadrado para fazer um arraste. Estou me acostumando a assistir o Cuiabano. Até me assustei com a falta de ginga para arrastar uma bola pela esquerda.
Corinthians,Dr Felipe De Lima Ferreira,@FelipeAndreol12,4 min,"TIME LIXO, SEM NEYMAR PARECE MEU CORINTHIANS, NEM COM 1 A MAIS FAZ GOL"
Flamengo,ᶜʳᶠ●𝓔𝓵𝓪𝓲𝓷𝓮 ●¹⁸⁹⁵,@NANNY_CRF1895,4 min,"O ""convocômetro"" cravou Léo Pereira. 
A Nação não decepciona nunca. #FLAMENGO #BRAXFRA"
Santos,Henrique Dutra,@henriquedutra01,4 min,Douglas Santos não é melhor que o Enzo diaz
Flamengo,KauaDuGrau,@KauaDuGrau018,4 min,É o juíz do Flamengo ???? Falta pros gente boa não dá nunk
Santos,reis,@crf_reix,4 min,"Andrey Santos tá jogando pra caralho, nossa, tá destruindo!"
Vasco,chute a gol,@chuteagol,4 min,"A gente viu nos jogos dele pelo Santos. Contra o VASCO tomou de 6 a 0. No Paulista conseguiu jogar SÓ 2 jogos e foi eliminado pelo Novorizontino. No brasileiro tá na beira do Z4. Mas ia arrebentar contra a França sim, confia."
Vasco,The BAD VASCAÍNO,@denysvasco,4 min,"Agora a partir da revenda da SAF vamos saber quanto milhões ou bilhões o Vasco vai arrecadar
Postagem esdrúxula sem cabimento e invejosa
Mas a verdade é que eles tremem"
Internacional,anittavﾒ𝟶,@anittavx_,4 min,"“Anitta não tem carreira internacional”

Hoje confirmada no SNL, o santo da diva é babado, né?"
Corinthians,dana,@gukqing,4 min,parece que to vendo o corinthians jogar e isso nao é um elogio
Internacional,el muchacho de los ojos tristes,@justiury,4 min,quando os  cara apanha aí existe direito internacional KKKKKKKKKKKKKKKKKKKKKKK
Flamengo,ela escreve tudo,@elaescrevetudo,4 min,"Avisa pro técnico dispensar esses jogadores e chamar todo time do 
@Flamengo
 pra essa copa! o único time q pode ganhar alguma coisa! #BRAxFRA"
São Paulo,Claudia Raposo,@clauclamera,4 min,"Feliz aniversário Presidente 
@tarcisiogdf
 , opsss Governador de São Paulo. Muitas coisas boas na sua vida, entre elas, muita Paz, Felicidade, Sucesso e Saúde. Amém.."
Flamengo,enhypen is 7,@kagayamar,4 min,preciso do luis henrique ex botafogo no flamengo em 2026
Santos,N3RØ,@neroggwp,4 min,Essa galera q pede Neymar na seleção não deve ter visto os últimos jogos desse cara no Santos ne
Corinthians,Lucas,@notliewie,4 min,Corinthians ia ter 2 jogadores no elenco
Flamengo,Ficar puto com atleta Marcão é pior,@imperadorMendig,4 min,E o flamengo q pagou 43 no Paquetá  horroroso e poderia ter comprado o luiz Henrique kkkkkkkkk
Flamengo,Cigarro de artista,@tiagoluizcr,4 min,Raphinha e Vini Jr pela seleção é a dupla Diego e Diogo pelo flamengo 2010
Santos,Bruno,@Bruno_HFRF_,4 min,"Luís Henrique 
Danilo 
Bremer 
Andrey Santos 
Douglas Santos 
Ibanez 
Igor Thiago 

Fez falta o Bruno Guimarães e Marquinhos"
Palmeiras,SEPgimenez,@Gimenezzz12,4 min,"Mais uma partida horrível do palmeiras 
Khelvven e murilo precisam encontrar outro emprego urgentemente"
Corinthians,Great Chimba,@chimbaaaz,4 min,"Pior que ele tomou gol mais defensáveis que o Hugo e o hate é menor.

Não sei se pq o Hugo é negro ou pq joga no Corinthians"
Palmeiras,Dz Rodrigues,@dzrodrigues,4 min,O Brasil está para a França assim como o SPFC esta para o Palmeiras... virou 'freguezasso'
Flamengo,TETRACAMPEÃO DA LIBERTADORES,@EmersonJun69111,4 min,"Jogo da seleção é sempre a mesma coisa. Jogador erra bisonhamente, tem algum jogador do Flamengo próximo do lance a culpa vai cair nele"
Flamengo,.,@flamenvan,4 min,Tentei entrar nos 3 links do Flamengo e nenhum existe.
Internacional,Silvanei Vanvan,@SilvaneiVanvan,4 min,Direito internacional  só lembram quando precisam dele.
Vasco,Shuya ⓟ,@br_shuya,4 min,Situações que só acontecem no Vasco
Atlético Mineiro,Tiago,@tiagoatehoje,4 min,Atlético Mineiro... Estão falando seu nome aqui.
Vasco,Brn,@brun4zxl,4 min,"O cara leva 6 do Vasco, não ganha do novorizontino mas vai acompanhar francês correndo do jeito que tão com aquele joelho de farelo 

Mata qualquer um"
Cruzeiro,Velho Pingão - O chefe do Samucudo,@MatheusChiclet,4 min,Plata indisciplinado está precisando mesmo de um perfil linha dura como é o do Velho Pinguço que é o dono do Cruzeiro 
Botafogo,luanzin,@euluanzin7,4 min,"Isso que o LH tá fazendo em campo nem me assusta, já tô acostumado a ver ele fazer isso no Botafogo"
Vasco,Safrado,@peh_o,4 min,"fora que teve ajuda da arbitragem nos primeiros minutos o vasco, fora o gol lá que a bola saiu toda"
Flamengo,Bigode Grosso,@souldevorer,4 min,"E essa sanha repentina dos bi-rebaixados se colocarem como bixos papões da América junto com o Flamengo. Não ganham nada a dois anos! Clube investe mal, tem um técnico desgastado. Voltem a ganhar, porque daqui a pouco quem estará vivendo de passado serão vocês..."
Grêmio,dezordi,@DezordiTrapala,4 min,Jogar com um a mais só é vantagem quando é o outro time jogando contra o Grêmio
Vasco,DaRua,@MtsjrCRF,4 min,"Desisti de ver a porra do Jogo, impossível mané parece que eu to vendo um jogo do Vasco"
Santos,L1,@LeandrHqe,4 min,Não é possível que no Brasil não tenha um lateral melhor que esse Douglas Santos
Santos,ele mermo,@ele_mermo11x,4 min,"Pelo amor de Deus, Neymar no santos não é parâmetro pra NADA, absolutamente nada. Eu vejo o Vini e raphinha a 2 anos nessa seleção sem jogar NADA, mas o Neymar não pode? Não existe"
Internacional,Insônia Gremista,@criptogremio,4 min,"Não ironicamente no lugar do Casemiro ele sofreria aquela falta 

Eles treinam muito isso no Internacional"
Santos,Corneteiro Alvinegro,@corneteiro1910,4 min,Quem foi o observador da seleção que indicou o Douglas Santos?
Vasco,jessicat,@jessicaliandra_,5 min,"Seleção tal qual Vasco da Gama hoje, pqp"
Cruzeiro,Marcosᶜᵉᶜ,@printfmarcos,5 min,Vini Jr jogando menos que o Wanderson do Cruzeiro
Flamengo,Pedro,@Pdgzin7,5 min,Leva o Flamengo pra copa que nós trás a taça e muita fé
Flamengo,Biriba Vegano,@biribavegano,5 min,"Fraudícius Júnior não tem condição pra jogar na seleção, muito menos esses lixos do Flamengo na defesa.

LH e Danilo: necessários na copa.

Brasil campeão passa diretamente por jogadores do Botafogo no time."
Flamengo,Flamengo,@Flamengo252219,5 min,Casemiro não é Flamengo kkkkk ele surtam com isso
Cruzeiro,dan,@goldodann,5 min,Cruzeiro?
Corinthians,gean carlos,@geancarloscz95,5 min,"Vamos fingir que com um joelho ele não salvou vcs da segunda divisão, concordo que jogou mal contra o Corinthians.

Precisa melhorar fisicamente, creio que consiga,  mas tem espaço."
Vasco,crack baby,@hanexst,5 min,"slk proteção espiritual fortíssima, quase fui de vasco por causa de um doguinho q brotou do nada no meio do escuro, sentir o verdadeiro terror com a moto quase batendo 70 km/h"
Santos,Samuel D'fiel,@dfiel12,5 min,Eu pensava que tinha sido o Douglas Santos. Mas obrigado por me confirmar quem foi o animal que deu um passe desse sozinho sem marcação.
Santos,Léo Pereira ᶜʳᶠ,@leocrf_10,5 min,Gente se o Neymar fosse tudo isso mesmo o SANTOS estaria numa situação melhor
Fluminense,reis,@crf_reix,5 min,Convoca do Fluminense que vai dar certo KKKK
Vasco,Lotto,@matheuslotto,5 min,Me sinto um torcedor do Vasco assistindo essa seleção. Desanimador.
Vasco,Larissa,@kitsLarisss,5 min,"Esse aí não superou até hoje o Vini Jr estar com a ex dele, né? Neymar jogou 3 copas e não levou nenhuma, isso quando não tá levando de 6x0 do vasco"
Santos,Tito,@TitoGremistazo,5 min,Renan Santos será eleito kkk
Vasco,Vinicius Andrade ◤✠◢,@orionzera,5 min,O Vasco de Renato Gaucho já teria virado esse jogo
Corinthians,Pedro Silva,@PedroBaloti,5 min,"Esse Corinthians era brincadeira, meu Deus"
Cruzeiro,Cartola,@cartolafc,5 min,"Tricolores também definidas para duelo contra o Cruzeiro pelo Brasileirão Feminino

#mercado"
Flamengo,sergioluizp,@sergiolp116,5 min,"@LulaOficial
@SenadorViana
@nikolas_dm
Alemanha vence o Brasil de novo por 7.
Não, pera ai, foram 7 ministros que venceram os aposentados. 
Tipo Flamengo jogando contra o Ibis."
Flamengo,André /,@ChamaDesgraca,5 min,"Irmão, eu acho inacreditável o léo pereira ser chamado pra seleção dps de ser humilhado pelo yuri, só flamengo pra acontecer algo assim"
Santos,Ig Nunes,@_ignunes,5 min,"EDERSON- ACABOU
DOUGLAS SANTOS- FRACO
ANDREY SANTOS- FRACO E LENTO
JOÃO PEDRO- JOGO GRANDE PIPOCA
VINI- SÓ PRESTA NO REAL
RAPHINHA- SÓ PRESTA NO BARÇA
DANILO- MUDOU O JOGO
IGOR THIAGO- POUCOS MINUTOS
LUIZ HENRIQUE- UM DOS MELHORES
CASEMIRO- UM DOS MELHORES
#BRAxFRA"
Flamengo,Maria Santos,@MSantos69538,5 min,"Flamengo 

#TVZAoVivoComAlvxaro"
Palmeiras,Alex Titovsc,@AlexTitovsc,5 min,"Não é só o pardal italiano não é toda mídia nojenta que odeia o Palmeiras e os péssimos técnicos que passaram recentemente pela seleção 

Por isso torço contra mesmo essa bosta dessa seleção brasileira"
Flamengo,@almeiidacrf,·,,"O 
@Flamengo
 tem que trazer o Luíz Henrique independente do valor. Ou no meio do ano, ou no final pra começar a temporada 27 já aqui. É acima da média, jogador que resolve jogo."
Santos,Adriano Braga,@bragaadrianoo,5 min,"Cara, Douglas Santos sem vontade alguma. Pra mim, com esse futebol que ele ta jogando, sem condições de ir a copa"
Flamengo,FERNÃO DIAS PAIS,@FernaoPais,5 min,"Este ""Brasa"", a continuar assim, não passa da 1a fase da copa! E vc achando que estão jogando bem!! Tá vendo muito jogo do Cruzeiro!  Até com 1 a menos tomaram outro gol! Pelo menos serve pra ver que este Léo Pereira e este lateral do Roma, só a torcida do Flamengo engole!"
Flamengo,Grok,@grok,5 min,"O motivo é a frustração com a crise no futebol brasileiro: pior campanha da história nas Eliminatórias da Copa 2026, caos político na CBF (com intervenções judiciais e presidentes derrubados), dívidas e mau desempenho em clubes como Flamengo, Corinthians e Botafogo, além da perda"
Santos,mari,@atalamari,5 min,"leo pereira = enviado para um campo de reeducação no interior do tocantins 

douglas santos = abandonado no meio do teerã com a bandeira de israhell na testa 

vini jr = exilado na selva venezuelana"
Flamengo,jurídico kaio jorge,@nalucec,5 min,"isso que dá vc levar jogador só por ser do flamengo 
@MrAncelotti"
Santos,Yami nobre ˢᶠᶜ,@yami_nobre,5 min,"E quem disse q ele precisa ficar com bola, ele precisa distribuir jogo e atrair marcação, o problema é q o Santos entrega a bola pra ele e espera q ele seja Zagueiro, atacante, meia e volante"
Santos,Fill ©®. Flamengo,@Fillrocha93,5 min,Só mandar o Matheus Cunha ralar.. ele e Andrey Santos não da nesse meio campo
Flamengo,renanananannananan,@o_renanr,5 min,"O torcedor do flamengo e a globo é que colocaram esse Léo Pereira na seleção o cara perdido marcando o Olise no segundo gol e deixou o Mbappe passar de passagem, aí a enquete 55% acha q o cara devia voltar, prra tmnc quem acha q isso é verdade"
Santos,Gleybson Borges Lima,@Gleybsonborges,5 min,"Não joga, não é convocado, não joga nem no santos contra o Cruzeiro... E vai ficar fora jogando ou não jogando!"
São Paulo,Gabi,@gabisonzer,5 min,dia 25 de abril tem Stalia juntinhas no the l club em São Paulo 
Botafogo,Bebel,@costa_gcc,6 min,"Eu agradeço todo dia pela venda do botafogo, se nao era papo de dominância"
Corinthians,Jantadas SCCP,@jantadasccp,6 min,Não pois não são do Corinthians
Botafogo,Prof. Steve Magal,@MarioGasparr,6 min,"Empresário e o Botafogo vão tirá-lo do Remo, muito alto o valor de compra"
Flamengo,Oráculo ✠,@xlotif,6 min,Jogador do flamengo na seleção = fracasso
Santos,veyron,@veyron7t3n,6 min,"mano esse douglas santos e uma aberração de jogador, eu nunca vi um lateral que nao cruza, esse cara faz meus olhos sangrarem vendo ele jogar"
Palmeiras,"Aldo Luís Democracia, sempre!!!",@aldoluis1,6 min,"Brasil precisando empatar, com um jogador a mais, deixando a França trocar passes como quer. Veja técnico pardal do 
@Palmeiras
 como se joga com um a menos. Vini Jr era pra ter saído.. pqp. Difícil ver a seleção assim."
Santos,Giovanne ★彡,@giovrolo,6 min,"Nosso camisa 10 não sabe jogar bola e ainda tá como capitão, não existe ele ser convocado, ele veste a camisa da seleção e se caga inteiro, erra tudo!
Vini Jr., Raphinha, Martinelli, Andrey Santos não merecem nem convocação!"
Santos,Caio Alandia,@AlandiaCaio,6 min,"Pior que isso é uma síndrome de Estocolmo ferrada, pq o Neymar tá mal no próprio Santos que é o time do dono da página."
Atlético Mineiro,showbricio,@AdoroLoirinhas,6 min,Clube Atlético Mineiro
Corinthians,fabio,@fabiobuzzo,6 min,corinthians ficando sem elenco toda temporada
Corinthians,ravena,@ilahrie,6 min,brasil é muito corinthians
Santos,Discuto com imbecis,@ImbecilReborn,6 min,"Esse Douglas Santos tem cara de frentista de posto de gasolina,menos de jogador de futebol!"
Flamengo,Fernando SCI 1909,@Fernandolost87,6 min,Isso é torcedor do flamengo forçando esse caras horríveis ai
Flamengo,Mike ˢᵉᵖ ,@miikesep,6 min,Flamengo e seleção não combinam isso é um fato
Flamengo,Guxa1964,@GuxaPetropolis,6 min,Falou besteira aqui meu caro! O Flamengo tem um jogo a menos que o fluminense pateta! E o Paquetá está fora da Copa aonde ???
São Paulo,Markos Funjel,@funjel70,6 min,Time do Brasil parece o time do São Paulo de tão ruim! 
Flamengo,Kaio,@kaiohenricunha,6 min,"E ainda tem os perebas de Flamengo/Palmeiras de sempre, superestimados por clubismo."
Santos,Léo Pereira ᶜʳᶠ,@leocrf_10,6 min,E pq o Santos está na situação atual?
Fluminense,Brasileirão Feminino,@BRFeminino,6 min,"COMEÇOUUUUUU!

Cruzeiro x Fluminense pela 5ª Rodada do Brasileirão Feminino!

AO VIVO:"
Cruzeiro,᥅ꪮᥴᛕ ꪑꪖ᥅ᥴ꠸ꪖꪀꪮ,@Vitasdorockof1,6 min,"fizeram o cara de joao bobo na moral

na época q seleção tinha maluco isso aí tinha virado uma pancadaria igual do cruzeiro e atletico"
Cruzeiro,demônio de hell's kitchen ⁴⁴,@jenswifeyc,6 min,e quando o cruzeiro ganhar do boca e o franco chorar eim
Santos,be,@beLH44,6 min,esse douglas santos é muito ruim #BRAxFRA
Santos,Daniel Cordeiro,@danccordeiro,6 min,"Douglas Santos foi pra Rússia com skin de pedreiro e ao invés de achar uma loira, achou foi uma vaga na Copa do Mundo."
Corinthians,cayo,@cayorrlc,6 min,"mas essa camera é identica a da arena corinthians por exemplo, que por sinal a galera paga pau"
Santos,MENINO DE OURO,@DjYgorKovansky,6 min,"Não aguento mais ver o Douglas Santos nessa lateral, ele é horrível"
Corinthians,Mateus Nhoatto,@MateusNhoa17773,6 min,"Veja a entrevista do zagueiro do novorizontino em uma entrevista depois de terem eliminado o corinthians e já enfrentado todos os times do campeonato. Obvio que o neymar ta mal, mas essa seleção ta uma bela bosta e tem gente ali que se trocar pelo neymar nao vai fazer diferença"
São Paulo,🄻eocacl,@leocacl,6 min,"2026 e vagabundo ainda fica incomodado com fumaça ...

MORANDO EM SÃO PAULO!!!"
Santos,Claudio,@lccsanches,6 min,A verdade é q Douglas Santos e Wesley não são jogadores de seleção. São FRAQUISSIMOS
Santos,TGV,@Tiago41051244,6 min,A diferença é que o jogadores são do santos futebol clube
Vasco,"Rodrigo ""O Chico""",@RodrigoOChico,6 min,"Vini Jr no Real = melhor do mundo
Vini Jr no Brasil = reserva do Vasco...
#SeleçãoBrasileira 
#BRAxFRA"
Santos,jean,@jeancraque,6 min,Fico vendo esses caras que nunca chutaram uma bola na vida falar merda quem viu pirlo jogar ele não  tinha intensidade jogava só com a inteligência...e vcs acham que o cara não tá se poupando nesses jogos e fora que a qualidade do Santos é péssima...
Santos,joão aranda,@joaoaranda14,6 min,Douglas Santos hoje seria um bom reserva pro Bidu
Fluminense,Ari Daopacha,@Juanistah,6 min,"pantera é do zenit pra inglaterra, la pros trinta e pouco volta pra BR pro botafogo ou fluminense pra encerrar carreira"
São Paulo,Sudden Tricolor,@suddentricolor,6 min,"Pensei que na Data Fifa vendo a seleção eu não passaria raiva com o São Paulo, chega hoje vejo o Ferrerinha vestindo a 10..."
Fluminense,Pedro Ricciardone,@RICCIARD0NE,6 min,Fluminense ganhava esse jogo aí tranquilo
Santos,Felipe Gimenes #VAICORINTHIANS,@Felipegimenees,6 min,"Esse amistoso deixa claro quem NÃO pode vestir a camisa da seleção...

- Douglas Santos
- Ibanez

Não da.."
Botafogo,Blog do Escobedo ᶜʳᶠ ¹⁸⁹⁵,@escobedo042,6 min,No dia que o Botafogo for campeão mundial.
Internacional,M I R T I L O,@mirtilopody,6 min,Eu diria que 2022 foi surto de camarão internacional.
Flamengo,o que o Guilherme anda pensando?,@guilhermthegoat,6 min,"bom lembrar que vc não entende nada de futebol e no máximo assiste o flamengo de vez em quando, então sua opinião nem conta"
Flamengo,mente do palhaço,@luislipefs,6 min,Flamengo precisa contratar Luiz Henrique e Vini Jr para entrosar a dupla
Flamengo,Fábio,@fbrebeldes,6 min,Larga de ser puta rapa o cara já falou que não joga no Flamengo
Santos,Warriors da Deprê,@gswdadepre,6 min,Se a gente for pra copa com esse lateral pau mole Douglas Santos tamo fudido
Vasco,IG: @angilbertomnz,@angilbertomnt,6 min,"Tão chamando a seleção brasileira de Vasco, vou sair girando no murro igual blaiblade #BRAXFRA"
São Paulo,Eduardo Capaldo,@capaldo_eduardo,6 min,Fui preso pelo ICE e estou sendo obrigado a viver em São Paulo
Flamengo,Gibson,@GibsonGabriel20,6 min,Flamengo é grande dms kkk
Corinthians,LU4NZITO,@luan_olivei7,6 min,O Vinícius Júnior na seleção é pior do que o Talles Magno no Corinthians. Meus olhos sangram
Botafogo,TYR ★彡,@_JoaovictorSSW,6 min,"O Luiz Henrique é um absurdo de jogador e o Danilo é craque demais tbm, como eu queria ter visto os dois juntos no Botafogo"
Santos,@lgustavo,@LuizGustav21076,6 min,"Neymar vai carimbar passaporte nessa data fifa. E outra , vai chegar na ponta dos cascos. O Santos vai ser a pré temporada e ele vai chegar inteiro pra uma copa pela primeira vez. Brasil hexa. Neymar craque da copa . Vou até printar aqui."
Cruzeiro,ratodocruzeiro,@RATOcec,6 min,"HOJE TEM CRUZEIRO ????
ENTAO TEM REACT CABULOSO 

VEM COM NOIS VER AS MINA!
kick.com/ratocec"
Santos,Aleatório,@alysman074,7 min,O Danilo Santos entrou bem
Flamengo,lyn,@opheliapoets,7 min,queria ele no flamengo
Flamengo,cerriseven,@imsyren_,7 min,Flamengo nele!
Fluminense,laura,@folkloriws,7 min,alguém por favor dá um jeito de trazer o luiz henrique de volta pro fluminense
Internacional,liv,@namplantajoon,7 min,acabei de descobrir que pra fazer a compra precisa de um cartao internacional…. vou ter que recorrer aos meus superiores (meus pais)
Santos,Caio Ribeiro,@caiocrjr7,7 min,"Esse Douglas Santos mds, não dá não kkkkkkkk"
Grêmio,matador de sapientes ⸸,@oculostortinho,7 min,Eu quero apedrejar todos os membros do grêmio cefetiano
Santos,Filipe Luis,@juniorcp88,7 min,"Douglas Santos é horrível, não sai nada de produtivo"
Santos,Fabiano Canuto,@FabianinhoGomes,7 min,Douglas Santos é muito fraquinho também
Flamengo,Cel. Mostarda,@gfcardoso25,7 min,Uma coisa a gente tem que admitir: a torcida do Flamengo impressiona. Pq só um flamenguista fanático levaria Léo Pereira para a Copa.
Flamengo,Chato Palestra,@chatopalestra,7 min,"O mal que o Flamengo faz ao futebol brasileiro na saiu daqui e foi pra fora.

Convoca-se Léo Pereira e revela-se Vini Jr.

#ForaFlamengo"
Cruzeiro,vini porco robert,@viniporcorobert,7 min,"Pô pelo amor de deus, vcs não devem assistir os jogos do Cruzeiro não, o cara tá muito mal"
Santos,Laert,@Could_66,7 min,"Esse Douglas Santos não tem condições nenhuma de ta na seleção, lateral extremamente fraco."
Corinthians,hugostoso 愛,@hugoricardin,7 min,"eu assisto corinthians e brasil e nao sei diferenciar vitinho de vinicius jr, pqp que bagre"
Santos,Rafael B. Rodrigues,@Rafaael15,7 min,Vini Jr quebrando a bola! Douglas Santos sem condições. Me ajuda Ancelotti
Santos,TETRA E ENEA,@Alehbernacchi,7 min,Douglas Santos horrível pqp
Santos,aura + ego + clt,@graphaelkkjk,7 min,"esse Douglas Santos é ridículo 
maluco n tem noção nenhuma da pelota PQP, maluco torto do caralho vai tomar no cu"
Fluminense,TurbinasPaulista,@turbinasCalote,7 min,Prepare a bunda fluminense
Cruzeiro,Bruno Fanticellli,@BrunoFanti89,7 min,Cruzeiro é 1mihao de vezes maior que as frangas
Corinthians,ana,@vomitomt,7 min,pq o Corinthians tá jogando contra a frança
Botafogo,Luiz bfr,@LuizGonalv47054,7 min,"Engraçado vcs anulam o brasileiro do Botafogo de 68 e contam título de 20 anos anteriores KKKKKKKKKKKKKK 
N A N I C O!"
Flamengo,Rafael,@faelgalo10,7 min,Vini na pegada Neguebinha do Flamengo
Flamengo,Léo Donizeti,@leodonizeti,7 min,O cara que ja cansou de repetir que não gosta do Flamengo. Pagina de bosta dessa
Corinthians,hlize viu o riize,@renjunprinces,7 min,mais fácil o corinthians ser bi da liberta dq o brasil ser hexa
Santos,João Scheffer,@jzscheffer,7 min,Não tem condições esse Douglas Santos ser jogador de futebol. Que fase chegamos.
Flamengo,Debora Maria,@DeboraM76753594,7 min,Ela e a torcida do Flamengo Aki fora.
Cruzeiro,Cruzeiro Feminino,@CruzeiroFem,7 min," 0’ | 1T | Começa o jogo na Arena do Jacaré! VAMOS EM BUSCA DA VITÓRIA, CRUZEIRO! 

#CRUxFLU | 0x0 | #AsCabulosasNoBrasileirão"
Palmeiras,Draicker,@Draicker13,7 min,"Imagina um Palmeiras com Luiz Henrique e Danilo no time, pqp. Ainda ia ter gente defendendo um futebol meia boca no Palmeiras, futebol de puro resultado."
Flamengo,Seleção Verde,@SelecaoVerde,7 min,Depois que eu ver Palmeiras eliminando o Flamengo do Zico no Brasileiro de 79 com 4x1 em pleno Maracanã.
Santos,MANO GAGUIM,@K_SaryEldin,7 min,Kaiki no lugar do D. Santos próximo jogo
Santos,Marcelo Perdigão,@marceloperdigao,7 min,Eu não queria esse Douglas Santos no Fortaleza. Que lateral fraco!
Santos,Cão peludo,@bolotinha_13,7 min,Quem precisa dele é o Santos. Ele não consegue jogar nem lá..
Santos,Andrezão PORCO REI 19/45,@oporcorei1914,7 min,"NOTAS DO PORCO REI 

Ederson - 0
Wesley - 0
Léo Pereira - 0
Bremer - 0,75
Douglas Santos - 0
Casemiro - 0
Andrey Santos - 0
Matheus Cunha - 0
Raphinha - 0
Martinelli - 0
Vinícius Junior - 0

Luis Henrique - 0,5
Igor Thiago - 0
Danilo - 0
Ibañeiz - 0
Gabriel Sara - 0"
Santos,NANDO,@nandoribeir_,7 min,Douglas Santos fraco dos fracos se Kaiki tiver oportunidade contra Croácia vai tomar a titularidade
Vasco,Baeta,@daniel_baeta,7 min,"Brenner reserva no Vasco titular na seleção, como que explica?"
Corinthians,Lucas,@meliizxz,7 min,"Parece que tô assistindo um jogo do Corinthians, contra o lanterna do Brasileirão pqp"
Santos,lari,@LarissyAraujoo,7 min,q é esse Douglas Santos? Joga nada
Santos,Mattos,@_wiltonMatos,7 min,"Papo reto, se colocar uns parceiros meus da várzea  pra jogar no Santos ou na seleção Brasileira, eles desenrolam bem mais!"
Flamengo,Lambreta #freepalestine,@sucodepamonha,7 min,"""só pegam no pé do vini, pq ele jogou no flamengo""
O vini KKKKKKKKKKKKKKKK"
Santos,kaiser,@Miranda96016765,7 min,Nem o Santos n esta precisando imagina a seleção
Vasco,rlzkkk,@rlzkkksfc,7 min,Como assim ele não fez nada contra o Vasco? Ele meteu 2 e ganhou a partida sozinho esse ano
São Paulo,WAP75,@AlvesTrade,7 min,BOLSA TRÁFICO!!! LULADRÃO PRESIDENTE DO TRÁFICO DO FORO DE SÃO PAULO!
Santos,Leal,@Juanzada5,7 min,Esse Douglas Santos não tem condições pqp joga com vergonha
Santos,igu aka pepe,@comoqomano,7 min,Espero que o douglas santos tenha uma lesão (intervenção divina) e se aposente no inss recebendo um salario minimo e meio
Flamengo,mt,@mt_pinheiro87,7 min,"Tudo que envolve Flamengo é assim, eles torcem contra uns dos melhores do mundo só pq é cria do Flamengo kkkkkkkkkkkkk"
Corinthians,TETRA DA LIBERTADORES,@FetuSavu37043,7 min,vagabundo q pede Neymar não viu santos x corinthians não?. Onde ele apanhava da bola.
Santos,André Schappo,@andreschappoo,7 min,Douglas Santos e Léo Pereira... que lado esquerdo incrivel
Santos,Douglas Mayer,@ddmaiier,7 min,DOUGLAS SANTOS ? Jogou onde ???
Flamengo,Rayssa,@lts_ray,7 min,Luiz Henrique no Flamengo amanhã!!!
Santos,Raymorais Castro,@CastroRaym81933,7 min,Prr jota ele não ta conseguindo fazer isso nem jogando no santos no SANTOS tu acha mesmo quer ele vai mudar alguma coisa?
Santos,LEOYYZ,@LEOYYZ,7 min,Douglas Santos tem o mesmo movimento corporal do René
Santos,LUCHO MAGO ACOSTA,@_1902FFC,7 min,"falo. vini jr horrivel, douglas santos horrivel, raphinha horrivel..."
Santos,jlingz,@goldolingard,7 min,"esse douglas santos é horroroso, meu pai amado"
Santos,Igor,@MaximianoCRVG,7 min,"Esse Douglas Santos é um dos mais horríveis que já foram convocados, mlq lixo do crl"
Palmeiras,𝐏 𝐇 𝐄 𝐋 𝐈 𝐏 𝐄,@PhilAndTheJets,7 min,Parece o ataque do Palmeiras contra os Deportes Titicaca da Bolívia todo ano na Libertadores
Santos,mafe,@i2jennas,8 min,to falando serio QUEM é douglas santos e POR QUE só temos essa opçao
Santos,Rodrigo,@manuchegou,8 min,É ruinzinho o Douglas Santos
Santos,Gabriel de Barros,@gaabriel_bfr,8 min,"Absurdo a seleção Brasileira depender de jogadores como Vinícius Júnior, Léo Pereira e Douglas Santos.

Pior geração da história disparado."
Vasco,Tiago Dezan,@TiagoDezan,8 min,"O cara não fez nada contra o VASCO, mas destruiria a França…"
Santos,João,@Rezendeffc,8 min,"Vinicius jr, leo pereira, douglas santos, bremer pode enfiar um dentro do cu do outro, pqp todos fracos"
Corinthians,Klaus Ferrer,@PokeKlausGo,8 min,"O que menos tem dentro do Corinthians,  é Corinthiano."
Santos,Joga Sujo,@Geovanne_JS,8 min,Partida tenebrosa do Douglas Santos
São Paulo,30e,@30ebr,8 min,"São Paulo - 30/4 - Espaço Unimed
São Paulo - 1/5 - Espaço Unimed
⁠Rio de Janeiro - 16/5 - Vivo Rio
Curitiba - 27/6 - IGLOO Super Hall
Porto Alegre - 4/7 - Auditório Araújo Vianna - NOVA DATA
Recife - 22/8 - Classic Hall
Belo Horizonte - 5/9 - BeFly Hall"
Flamengo,M4theus Fns,@matheusfns29,8 min,"Vem para o Flamengo, monstro."
Santos,emerson,@emerswn,8 min,Douglas Santos é muito ruim
Corinthians,GALO,@mariodecastr,8 min,"Meu caro, se contra Inter e Corinthians ele teve dificuldades em manter a posse de bola, imagina com um Tchouameni e Kante marcando ele..."
Flamengo,@emylearauj0,·,,Flamengo é o protagonista não tem como
Santos,C.R.V.G,@AdrianoFontine4,8 min,"Acho que esses torcedores são demente da cabeça, será que eles assiste os jogos do santos quando o Neymar tá jogando ? o cara tá andando em campo"
Santos,thata.,@lmjxxcx,8 min,douglas santos é RUIM.
Flamengo,tutu,@two_a04,8 min,não sabia que o casemiro jogava no Flamengo
São Paulo,Flaviano26,@flaviano26,8 min,"SEPARA SUL. 

Chega de sermos ESCRAVOS dessa GENTALHA que faz parte da facção terrorista internacional Foro de São Paulo. 

Guerra já. 

Cada um que arque com seus votos e que cobre seus políticos. 

MURO JÁ."
Flamengo,luan guima,@luanguimax,8 min,"Porque você nao critica os jogadores do Flamengo? O Flamengo destruiu a seleção. 

Acharam boa ideia botar um zagueiro do Flamengo na seleção.

Luis henrique é muito melhor que Vinicius jr, só não é titular porque nao joga no real Madrid.

Wesley não ve a cor da bola."
Santos,★,@skyIinner,8 min,mano pq deus me deixou nascer torcedora do santos e da seleção brasileira ao mesmo tempo?
Flamengo,EFBraga,@EaiMandli,8 min,Ano passado a torcida do Flamengo passou o maior estresse com esse esquema horroroso… máxima do futebol: o jogo se ganha e se perde no meio campo! Mas sempre tem os iluministas…
Vasco,jorge,@JorginCRF10,8 min,"Mas o dever de examinar jogador não e do clube? Você tá passando pano pra algo que não existe, nosso clube errou, pagamos indenizações e pensões antes do julgamento, de livre espontânea vontade, já o Vasco até agora finge que nada aconteceu, culpa da família."
Santos,Brazilian Soccer Hub,@brazilsoccerhub,8 min,"OLHA O ELENCO Q TEM A SELEÇÃO E OLHA O DO SANTOS, ANIMAL"
Palmeiras,hiroki | momo & jeongyeon lover,@Hiroki1__,8 min,e tem que tá no Palmeiras tbm
Santos,Iranildo,@Flamenq0,8 min,"Neymar virou mais marketing do que futebol — vive de hype enquanto o time paga a conta. E ainda tem Enzo defendendo como se fosse 2015. A realidade? Do jeito que tá, puxa o Santos pro rebaixamento… se nem contra o Novorizontino consegue decidir, vai decidir contra quem?"
Vasco,Recanto Poético,@PoeticoRec56491,8 min,Vai fazee diferença como fez com o Vasco ano passado tomando de 6
Internacional,Sputnik Brasil,@sputnik_brasil,8 min," Após 35 anos desde a sua criação, porém, o bloco encara um cenário internacional fragmentado entre grandes potências, instabilidades pelo mundo e maior competitividade por segurança econômica e de soberania.

 O internacionalista Caio Junqueira lembra que a criação do bloco"
Flamengo,Léo Queiroz,@qrozleo,8 min,"O vinicius jr com a camisa da seleção, parece o vitinho no flamengo, pqp"
Santos,bruno,@brunobcereja,8 min,O nivel de competitividade é outro mano. É só ver os números dele na champions. Comparar o vini no Brasil e o Neymar no Santos é fazer um recorte tendencioso demais
Flamengo,Thiago CRF,@thcrfla,8 min,"Luiz Henrique é jogadoraço.

Flamengo precisa tirar ele da Rússia

Esse boneco tem vaga em muitos times da Europa"
Vasco,Pedrinho wardell,@Phhcrf,8 min,o que adianta se convocar a bicharada que mama time europeu vai reclamar pq ele vem da merda do Vasco
Flamengo,kleyton,@kleynsc,8 min,seleção do vini jr é o flamengo entendem
Internacional,Damazio anti- fascista,@Damazio26926756,8 min,Que direito internacional
Santos,Não Sei Nada da Silva,@Rogggeie,8 min,até pq o santos é o super time do brasileirão nekkkkkkkkkkk
Santos,twink em declínio,@thilopesds,8 min,Os heteros juram q o técnico não entrou em contato com o Santos e pediu a ficha médica dele pra saber kkkkkk a geração talento sem esforço esta acabando com a mínima noção de mérito q o brasil tem.
Palmeiras,advogada das minusculas causas,@eufebolivar,8 min,o tanto que eu fico linda com qualquer camisa do palmeiras que eu vista <3
Flamengo,elvis moraes soares,@elvismoraess,8 min,Único jogador do flamengo aí em campo é Léo Pereira
Corinthians,InfoTimão,@InfoTimaoBlog,8 min," BIDOU! 

Jesse Lingard teve seu contrato publicado no BID da CBF e já está liberado para estrear pelo Corinthians.

#corinthians #vaicorinthians #timão #sccp #coringão"
Flamengo,Jeyrton Eipscas,@mengaranhao,8 min,to com medo de roubarem o luiz henrique do flamengo
Flamengo,MATHEUS ᶜʳᶠ,@Matheuss1981,8 min,Luiz Henrique no Flamengo virou plano A pro meio de ano.
Flamengo,chribeiro,@_clauhribeiro,8 min,Se o Flamengo conseguir esse “troca” será o melhor “gato por lebre” da história
Botafogo,Kaef ✮,@Dkaef_,8 min,+7=Botafogo de Futebol e Regatas.
Santos,Sara,@Sara9935_,8 min,"Faz nada nem no Santos, imagine na seleção pra jogar contra os maiores do mundo ."
Flamengo,yssa,@iyssax,8 min,Prefiro assistir o meu flamengo
Fluminense,A Tricolor,@aTricolor1902,8 min,vai vir pro Fluminense
Vasco,Kuroda,@lumosznox,8 min,"convocação de 1936286482 atacantes e nenhum deles joga bem na seleção e se juntar todos não da o 2 atacantes da França....

ainda bem que minha seleção é o Vasco e não essa coisa ai"
Flamengo,luan TETRA e BICAMPEÃO,@lauansccp,8 min,"Flamengo e Palmeiras aqui tem condições, o rubro negro principalmente.

Vale total investimento, pois já sabe que é garantia de retorno"
Corinthians,rapt,@raptgsj,9 min,Vinicius Júnior = Pedrinho ex Corinthians
Fluminense,Luis Jesus,@Luis_Zambrano13,9 min,Fluminense de 2023 ganharia dessa seleção brasileira
Santos,André - ★彡,@andrefogaosp,9 min,"Eu ? Jamais. Neymar é jogador de santos cara. 

Seleção. Pqpp"
Vasco,Manel ,@maneel01_,9 min,"O Santos tem os mesmos jogadores e dá a mesma condição de jogo pra ele que ele teria na seleção, e isso que vc tá me dizendo? No jogo seguinte contra esse mesmo Vasco ele fez a diferença e meteu 2, ou não?"
Botafogo,Renata Severo,@_RSevero,9 min,Vinicius Júnior tem medo de cobrar uma falta e deixa pro DANILO DO BOTAFOGO
Vasco,Edu Futirinhas,@edufutirinhas,9 min,Ele tomou 2 contra o Vasco ano passado kkkkkkk
Fluminense,Lozorio,@LamasLozorio,9 min,Seleção brasileira ou um lateral ao 37 do primeiro tempo a favor do fluminense? Duvida cruel
Santos,Jéssica,@JessicaTortela,9 min,"É seleção , ou Santos? KKKKKKKKKKKKK"
Santos,Eu_alyson,@Eualyson22,9 min,"Amigo, vini que tá jogando na europa n tá jogando nada.  Mas tu jura que o neymar que escolhe jogo no brasil vai fazer algo? kkkk vai sim. Deve ser por isso que a seleçao santos tá brigando por titulo"
Flamengo,EvanGhostTriniti,@EvanGhost_,9 min,O nome do filho do jogador do Flamengo kkkkkkkkkkkk
Flamengo,dudaaaaa VAI VER O HARRY E O ZAYN,@favmalik,9 min,que se foda o murillo. é fato que a régua é totalmente diferente quando um jogador do flamengo é convocado por causa do clubismo cego de vcs
Flamengo,elvis moraes soares,@elvismoraess,9 min,Não sabia que a Roma é flamengo tbm
Santos,Jean Farias,@jeanfelipe_fa,9 min,Vinicius Jr. tá mais pesado que o Neymar no Santos.
Flamengo,VN.ᶜʳᶠ,@VN7zxx,9 min,"Eu espero que o José Boto entenda a missão dele no meio do ano, a missão dele no Flamengo é vender o Plata e contratar o Luiz Henrique, imagina esse maluco jogando no Flamengo, tabelando com Paquetá, Jorginho, Pulgar, Arrascaeta, Pedro e etc"
Flamengo,Fábio CRF,@FabioCRF90,9 min,"Ele é bizarro... Leva perigo constante. Influência no jogo gigantesca. Te falar q se ele vem pro Flamengo, seria mais influente até q o Arrasca em sua melhor fase."
Flamengo,Camila,@MillaHelenaa,9 min,Luiz Henrique perdido na Rússia é loucura hein…uma pena que ele não viria pro Flamengo
Corinthians,Informante Fiel,@InformanteFiel,9 min,O bom é que mesmo na ausência do Corinthians a gente passa nervoso assistindo o jogo do Brasil
Flamengo,RiLLeX~*,@rillextriste2,9 min,LH garantiu a contratação dele pra jogar no FLAMENGO no meio do ano
Santos,ダン,@Dan_DBLM,9 min,"E a seleção brasileira/Real Madrid é BEM melhor que o time do Santos.

Time do Santos levando sufoco contra o último colocado, tomou 2 gols contra um time que tinha feito 3 no campeonato todo"
Botafogo,Marc,@marc2050979,9 min,CARA tu não tem nenhuma vergonha de ser botafogo?
Fluminense,reis,@crf_reix,9 min,Convoca do Fluminense que vai dar certo KKKKK
Santos,jotace #ForaCeni,@ecbjul7c,9 min,"Achamos o novo Lucas Vasquez: Douglas Santos. Não faz o mínimo sentido esse bagre ainda ser cogitado entre os 11

extremamente ruim"
Corinthians,Gilson Evangelista,@GilsonEvangel13,9 min,"Corinthians não consegue formar um atacante na base... Vide o centroavante Gui Negão, um horror"
Flamengo,BotafogoES,@BotafogoTriste1,9 min,"AJ é foda irmão...vcs tem um puta treinador..tenha certeza
Coloca o pau na mesa..tem tesão em ganhar 
Lema do cara é coragem
Vai ser sucesso aí...logo ele coloca o time nos trilhos.
Vcs vão brigar c Flamengo e Palmeiras pelos títulos do ano
Estarei torcendo por vcs..vamos juntos"
Vasco,Xandy ᶜʳᶠ,@xandy_freitas93,9 min,Mauro sempre respeitou muito o Vasco e sua história.  O que ele falou é um fato. Existe um conflito de interesses pq seria uma família no comando de dois clubes.
Santos,farpador Reverso ©®,@FarpadorReverso,9 min,"Douglas Santos Não 

Wesley não 

Léo Pereira não 

Bremmer não 

Ederson virou perninha?
Entregando a paçoca o tempo todo 

Os caras parecem que jogam com 50kg nas pernas
LENTOS
LENTOS
LENTOS

RAPHINHA ESTÁ ASSOMBRADO????
ALGUÉM PODE JOGAR JUNTO DO VINI????
Fica na fase de GP"
Flamengo,Tobi,@TobiUtirra,9 min,Das 6 copas qual a mais relevante e realmente impactante? Pq a de 96 foi com uma campanha melhor e jogando igual ao Cruzeiro e contra times mt melhores. Gremio de 17 ganhou a Libertadores mais fraca da historia e o Flamengo tinha o Muralha kkkkkk
São Paulo,Folha de S.Paulo,@folha,9 min,STF condena Governo de São Paulo a indenizar caseiro preso injustamente por sete anos
Fluminense,Grok,@grok,9 min,"É um condomínio residencial no bairro de Cabuçu, Nova Iguaçu (Baixada Fluminense, RJ). Estava dominado pela milícia de Juninho Varão, que extorquia moradores com cobranças ilegais. A PCERJ desarticulou a base deles hoje, prendeu envolvidos (incluindo a gerente financeira) e"
Santos,fora cuca,@dafafesi,9 min,Acabou a síndrome do impostor. Se o Douglas Santos é jogador de futebol pq eu n posso ser bom na minha profissão?
Corinthians,𝑹𝒂𝒊𝒂𝒏𝒆,@Annizinha1910,9 min,Na moral prefiro assistir o Corinthians jogar do que a seleção.
Flamengo,Mengão CRF,@Flamengo311813,9 min,"Tá de sacanagem, flamengo tem q contratar um atacante q seja veloz e faça gols, Plata não sabe fazer gols"
Corinthians,.,@taboosgs_18,9 min,O cara que foge de um jogo contra um Corinthians vai jogar contra França sim
Santos,Gagashi?ˢᶠᶜ,@sfcgagashi,9 min,O Rony tá melhor no santos que o vini hoje
Botafogo,Guiwill,@GuiUrban7,9 min,É incrivel como jogador que passa pelo Botafogo nao sente peso nenhum da camisa da seleção
Santos,Bruno,@Brunodiiias08,9 min,"Vinicius, Raphinha, Martinelli, Andrey, Wesley e Douglas Santos NÃO PODEM jogar pela seleção, eles são ruins, eles são limitadíssimos e não vão ajudar em NADA!"
Botafogo,SY,@CarlosA70756635,9 min,"Luis Henrique joga direita ou na esquerda craque absoluto ,tomara que seja vendido Premier League  ídolo Botafogo"
Internacional,Maria Cristina Silva,@mccristina1962,9 min,O Brasil é uma vergonha internacional.
Santos,JuJu,@Jujuuej,9 min,"Sim, vamos ter interações do &TEAM com o Santos Bravos! Felicidade me resume. "
Flamengo,Di Mauro,@andredimauro,9 min,"TIREM ESSE TECNICO GRINGO 
@MrAncelotti
 botem um brasileiro temos OTIMOS jogadores dai so salva jogadores do flamengo Leo Pereira, Danilo e Alex Sandro, ate o goleiro do sub-20 melhor do que esta porcaria que colocaram ai no time... Temos o PEDRO pq nao escalou ele? 
@CBF_Futebol"
Santos,João Carlos,@ejoaocarlos_,9 min,santos fc
Flamengo,datena ambientalista,@sxntox,9 min,vinicius no flamengo ainda este ano
Santos,dani,@daniem2D,10 min,"mano, convocação do Ibañez foi o Ancelotti querendo ser alternativo e autoral (tô achando Douglas Santos a mesma coisa)"
Vasco,d4vi,@dsmzin,10 min,santos com o neymar em campo tomou 6 do vasco
Flamengo,Hugo Bernardo,@HugoCRF1981,10 min,"O Flamengo foi o que mais revelou campeões do mundo, e nao o time de nazistas chorões"
Santos,Gonzaga,@OTalGonzaga,10 min,"Falaram que o Alex Sandro era ruim pra seleção, eu não aguento mais ver esse Douglas Santos"
Atlético Mineiro,Ju,@jtrdl_,10 min,"Amigão, eu torço para o Clube Atlético Mineiro, você acha que esse jogo da seleção vai me abalar?"
Corinthians,Vladson paz,@PazVladson,10 min,"Deveria ter levado Yuri Alberto, Matheusinho, Bidon…
Pq qualquer torcedor do Corinthians sabe mais que o Ancelotii!"
Flamengo,mai,@trystanmverine,10 min,so a torcida do flamengo votando nessa enquete
Santos,peixinha #ForaCuca,@peixessaa,10 min,tu ta comparando o time inteiro do Santos cm a seleção? kkkkkkkkk pqp
Botafogo,Andressa,@Dessah_Vieiira,10 min,"Luiz Henrique joga muito, parabéns Botafogo por essa grande joia"
Flamengo,hellen do arrascaeta,@vicrfx,10 min,maior injustiça do futebol: luiz henrique não jogar no flamengo
Grêmio,Bruno Mello,@B94mello,10 min,"boa noite, única camiseta da seleção que eu vou vestir é a da minha seleção, Grêmio Foot-Ball Porto Alegrense"
Fluminense,Jornal Folha da Terra,@folhadaterraofc,10 min,Tribunal de Justiça do RJ anula sessão da Alerj que elegeu Douglas Ruas presidente do Legislativo Fluminense.
Cruzeiro,Seu maior fã,@xandinribamar,10 min,O Cruzeiro é hexa.
Flamengo,@su_moraess,·,,LH no Flamengo pra onteeeeeem
Corinthians,Damasceno,@gesca1910,10 min,E pensar que o Corinthians consegue me dar mais alegria que a seleção brasileira
Santos,Ruanzito,@Ruanzitopvd,10 min,"Douglas Santos parece que tá com um fraldão cheio, se arrastando, com medo, não corre e o olise obliterou ele ali"
Grêmio,osantozz™,@osantozz,10 min,O Grêmio é mochileiro.
Flamengo,Miggguuueeelll,@miggguuueeelll,10 min,"É que você não entende o quê as pessoas falam. Vou te dar um exemplo bem fácil de entender, o Santo André é irrelevante no futebol, mas já fodeu o Flamengo numa final de Copa do Brasil."
Cruzeiro,thallesversoᶜʳᶠ,@thallesverso,10 min,"aqui tá uma outra versão da escalação com foco em criatividade e velocidade pelas pontas

sim, coloquei o kaiki pq esse fodido tem jogado muito no cruzeiro e foi convocado"
Botafogo,Ronny Chrizostomo,@ronnysaylor,10 min,"Como que erra esse gol bixoooo
Parecia o Vitinho no Botafogo, juro"
São Paulo,Aaluraah,@aaluraah,10 min,São Paulo é diferenciada mesmo né...
Santos,FabioSR(7),@FabioSR270352,10 min,"Kkkkkkkkkkkk, no Santos com as duas pernas não faz nada"
Fluminense,Pedrinho wardell,@Phhcrf,10 min,Xerem tinha que começar a ser base teste da CBF surreal a quantidade de bons jogadores que sai do Fluminense pqp
Santos,tajo 𒉭,@jota01__,10 min,"ta de sacanagem kkkkkkkk casemiro pior da partida dps desse douglas santos, tentou girar e entregou a bola, o cara na consegue ne correr mais"
Vasco,𝚎𝚖𝚢𝚕𝚕𝚢⁵⁵𓆉||,@clowhosst,10 min,pois se fosse meu vasco ja tinha virado esse jogo
Santos,RANIEL,@iFLEBAS,10 min,"Neymar, na época de Santos e Barcelona, jogava na seleção brasileira de igual para igual com o Messi e CR7, e hoje o vagabundo está lá, menosprezado, porque os comentaristas burros, crias do Casimiro e CazeTv, dizem que ele não consegue nem andar em linha reta... vai entender "
