Time,Nome,Usuario,Tempo,Texto,Coletado_em,Futebol
Grêmio,Grêmio em Jogo,@Gremioemjogo,8 s,Quero distância do Grêmio dessa confraria de abobados!,2026-06-18 18:44:40,True
Cruzeiro,INGRESSO,@almiragace,8 s,Camisa 10 do Cruzeiro de Brasil  novo  Alex   para Turquia é o Matheus Pereira   boa sorte,2026-06-18 18:44:40,True
Palmeiras,bibizoca,@brizzzsr,9 s,prefiro ser chamada de porca(pq do palmeiras),2026-06-18 18:44:40,True
Santos,Paulo fly,@Paulofly5390341,10 s,"Se o fator for só seleção e copa do mundo, minha lista fica assim

1 Garrincha 
2 Pelé (só jogou duas e só foi importante em uma )
3 Romário 
4 Ronaldo 
5 Jairzinho 
6 Didi
7 Rivelino 
8 Nilton Santos
9 Zagallo 
10 Rivelino 

Futebol por futebol. Neymar em 2 e Pelé 1, Garrincha 3",2026-06-18 18:44:40,True
Cruzeiro,Tobi,@TobiUtirra,11 s,"Sem treinador, atacante e goleiro tudo é possível. N lembra do Cruzeiro x Sousa",2026-06-18 18:44:40,True
Internacional,Nádia Saldanha,@Nadia0302Nadia,14 s,Lula...um verdadeiro presiDEMENTE e pária internacional ,2026-06-18 18:44:40,False
Santos,WELINTON M S,@WELINTONMARTI14,15 s,"Já que é pra esculachar com o país! Montem uma Chapa desse Renan Santos com aquele outro Reúnam Freitas o petista cassado e protegido do STF, lá do Paraná. Pois os dois servem a um mesmo partido o STF.. é cada uma q eu vejo",2026-06-18 18:44:40,False
São Paulo,"Castiel, O Mentalista ♱",@L4WLION,23 s,"São Paulo Apóstolo, por diversos motivos.

Se posso brevemente destacar um aqui, escolho este: o ato de se lembrar de Deus e dos seus amigos em cada momento, na glória e na derrota. Esse amor indelével é um tesouro para mim.

O Messi já aprendeu com ele.
Eu quero aprender também.",2026-06-18 18:44:40,False
Palmeiras,mari,@iS2sleep,24 s,"fiquei com tanta raiva assisti, até os 60min pq tava um porre, ai quando eu desligo a tv pra dormir e acordo PAH 3x1 com um golaço no final  
nossa sim! arias joga muito, tenho tanta raiva que ele foi pro palmeiras pqp 
com CERTEZA, eles começaram mal mas depois encaixaram",2026-06-18 18:44:40,True
Internacional,lucas,@luvtfpn,25 s,"Todos os cursos no fim das contas são interligados, e algum tratam de especificidades, RI trata de tudo isso com foco no âmbito internacional, e nem tudo é feito pra criar efeitos diretos pro mercado de trabalho, pesquisa e construção de conhecimento também é importante",2026-06-18 18:44:40,False
Atlético Mineiro,Flu na Lata,@NaLataFlu,33 s,"Atlético Mineiro é hexa o que? Mineiro?

Nem sabia que eles tinham 6 títulos, tirando mineiro",2026-06-18 18:44:44,True
Internacional,Kauan Carvalho,@sielkace,35 s,"Braian Romero se junta ao vigente e máximo campeão do futebol paraguaio. O argentino defendeu as cores do Internacional em um passado não muito distante, porém, não atendeu as expectativas.",2026-06-18 18:44:44,True
Santos,Príncipe Netuno,@expressarilusao,35 s,Óbvio. Ele joga no Santos,2026-06-18 18:44:44,True
Internacional,LOBO_,@BscTecnologia,36 s,"fala agora trouxa

Relação de Jaques Wagner com Master envolve apartamento, show internacional, voos em jatinho e privatização de supermercado",2026-06-18 18:44:44,False
Cruzeiro,vis,@tsarcheirs,36 s,"vc ta pedindo mt ficha, será q o cruzeiro vai dar conta de preenche-las kkkk",2026-06-18 18:44:44,True
Santos,Dr.Strangelove,@13strangelove13,37 s,o que de revolucionário messi fez para merecer ser o melhor? Bicho numa época SEM INTERNET UM NEGAO JOGANDO NA PORRA DO SANTOS colocou o mundo a admirar o seu esporte tornou se celebridade pela sua capacidade de ser espetacular Pelé revolucionou o futebol fez do 10 identidade,2026-06-18 18:44:45,True
Corinthians,dinamite na mão garante a participação política,@157ontologico4,40 s,"""corinthiano"" e ao mesmo tempo bolsominion nazista e racista... tem momentos que o analfabetismo de corinthians não conhece limites, que lixo",2026-06-18 18:44:45,True
São Paulo,Convidar.Net,@ConvidarNet,41 s,Locação de Cobertura de Piscina Para Festa em Cajamar SP | Nº 1 em Aluguel de Coberturas Para Piscina em São Paulo e Região - Locação de Coberturas Para Eventos | Campus Coberturas,2026-06-18 18:44:45,False
Vasco,llen Jardim ᶜʳᵛᵍ ✠,@AllenF_Crvg,45 s,Com essa copa esqueci totalmente do Vasco! Não sei de nada sobre especulações de jogadores etc.,2026-06-18 18:44:45,True
Santos,Jean Pierre,@JeanPierre_1372,47 s,Ele é um santo no Brasil os políticos em sua maioria são santos kkkk pta q pariu ,2026-06-18 18:44:45,False
Vasco,Iamée ᶜʳᵛᵍ,@Iameelf,48 s,"Eu não aguento mais esse elenco do Vasco, na moralllllll, que nojo",2026-06-18 18:44:45,True
Vasco,Moreira ✠,@moreira_crvg,49 s,Outro ponto positivo nessa Copa do Mundo é que esquecemos um pouco a merda que é o Vasco.,2026-06-18 18:44:45,True
Vasco,Vinicius,@1nomadrid,50 s,Você torce pro Vasco.,2026-06-18 18:44:45,True
São Paulo,Audiência Da TV,@ATV_Oficial,50 s,"17h45 em São Paulo 

Globo #CopaNaGlobo 15.0
Record #CidadeAlerta 7.5
SBT #CopaNoSBT 2.9
Band #BrasilUrgente 0.6

Via 
@comentandotvbr",2026-06-18 18:44:45,True
Vasco,Vascaína sincera,@gabivasco1898,51 s,"Na reportagem diz que parte do elenco está questionando o treinador. Tô cansada desse elenco vagabundo escolher quando joga só pra derrubar treinador. Enquanto isso, o prejudicado é o Vasco.",2026-06-18 18:44:45,True
Santos,Luciana Dantas,@lucianadanntas,52 s,"3 latas de água da cop (guardei de recordação), 2 bonecos funko do Silvio Santos (ganhei em eventos do sbt), 1 garrafa com 2 dedos de Aperol, 1 tulipa gigante de decoração.",2026-06-18 18:44:45,False
Santos,@ElaineAguera,@elaine05100522,53 s,Quem é  Renan Santos???? Misericórdia ,2026-06-18 18:44:45,False
Internacional,Menino Horácio,@NetoHoracio,1 min,"Ceará conquistou o acesso antecipado à primeira divisão do Campeonato Brasileiro sub-20.

O Vovôzinho venceu por 3 a 1 o Internacional, de virada, com gols de Enzo, Esli e Ronald.

Trazendo as entrevistas de Israel Paz (diretor da base) e dos autores dos gols: Enzo Ludovico,",2026-06-18 18:44:49,True
Corinthians,vee VAI VER O ZAYN,@cigrtaftsx,1 min,SPORT CLUB CORINTHIANS PAULISTA,2026-06-18 18:44:49,True
São Paulo,Audiência Da TV,@ATV_Oficial,1 min,"17h37 em São Paulo 

Globo #CopaNaGlobo 14.0
Record #CidadeAlerta 7.3
SBT #CopaNoSBT 2.7
Band #BrasilUrgente 0.7

Via 
@comentandotvbr",2026-06-18 18:44:49,True
